{"guid":{"value":"5a502f5a1f2279bf-9ff7deac373313cf"},"mergeSpanRange":0.5,"characterHeight":0.4,"aspectRatio":1,"rotation":{"x":0,"y":0,"z":0},"center":{"x":0,"y":0,"z":0},"unclampedSize":{"x":10,"y":10},"nodeSize":1,"collision":{"type":"Capsule","diameter":1,"height":2,"collisionOffset":0,"rayDirection":"Both","mask":{"value":0},"heightMask":{"value":-1},"fromHeight":100,"thickRaycast":false,"thickRaycastDiameter":1,"up":{"x":0,"y":1,"z":0},"collisionCheck":true,"heightCheck":true,"unwalkableWhenNoGround":true},"maxClimb":0.4,"maxClimbAxis":1,"maxSlope":90,"erodeIterations":0,"erosionUseTags":false,"erosionFirstTag":1,"autoLinkGrids":false,"autoLinkDistLimit":10,"neighbours":"Four","cutCorners":true,"penaltyPositionOffset":0,"penaltyPosition":false,"penaltyPositionFactor":1,"penaltyAngle":false,"penaltyAngleFactor":100,"textureData":{"enabled":false,"source":null,"factors":[0,0,0],"channels":["None","None","None"]},"open":false,"name":"Layered Grid Graph","drawGizmos":true,"infoScreenOpen":false}